<?xml version="1.0" encoding="UTF-8"?><?xml-stylesheet type='text/xsl' href='_UpgradeReport_Files/UpgradeReport.xslt'?><UpgradeLog>
<Properties><Property Name="Solution" Value="UsbTest">
</Property><Property Name="Solution File" Value="C:\Users\ms21425\Documents\Visual Studio 2010\Projects\UsbTest2\UsbTest2\UsbTest.sln">
</Property><Property Name="User Options File" Value="C:\Users\ms21425\Documents\Visual Studio 2010\Projects\UsbTest2\UsbTest2\UsbTest.suo">
</Property><Property Name="Date" Value="Thursday, January 17, 2013">
</Property><Property Name="Time" Value="15:55 PM">
</Property></Properties><Event ErrorLevel="0" Project="" Source="UsbTest.sln" Description="File successfully backed up as C:\Users\ms21425\Documents\Visual Studio 2010\Projects\UsbTest2\UsbTest2\Backup\UsbTest.sln">
</Event><Event ErrorLevel="0" Project="" Source="UsbTest.suo" Description="File successfully backed up as C:\Users\ms21425\Documents\Visual Studio 2010\Projects\UsbTest2\UsbTest2\Backup\UsbTest.suo">
</Event><Event ErrorLevel="0" Project="RadioProgrammingApp" Source="UsbTest\RadioProgrammingApp.vbproj" Description="Project file successfully backed up as C:\Users\ms21425\Documents\Visual Studio 2010\Projects\UsbTest2\UsbTest2\Backup\UsbTest\RadioProgrammingApp.vbproj">
</Event><Event ErrorLevel="0" Project="RadioProgrammingApp" Source="UsbTest\RadioProgrammingApp.vbproj.user" Description="Project user file successfully backed up as C:\Users\ms21425\Documents\Visual Studio 2010\Projects\UsbTest2\UsbTest2\Backup\UsbTest\RadioProgrammingApp.vbproj.user">
</Event><Event ErrorLevel="0" Project="RadioProgrammingApp" Source="UsbTest\ApplicationEvents.vb" Description="File successfully backed up as C:\Users\ms21425\Documents\Visual Studio 2010\Projects\UsbTest2\UsbTest2\Backup\UsbTest\ApplicationEvents.vb">
</Event><Event ErrorLevel="0" Project="RadioProgrammingApp" Source="UsbTest\Form1.vb" Description="File successfully backed up as C:\Users\ms21425\Documents\Visual Studio 2010\Projects\UsbTest2\UsbTest2\Backup\UsbTest\Form1.vb">
</Event><Event ErrorLevel="0" Project="RadioProgrammingApp" Source="UsbTest\Form1.Designer.vb" Description="File successfully backed up as C:\Users\ms21425\Documents\Visual Studio 2010\Projects\UsbTest2\UsbTest2\Backup\UsbTest\Form1.Designer.vb">
</Event><Event ErrorLevel="0" Project="RadioProgrammingApp" Source="UsbTest\Form2.Designer.vb" Description="File successfully backed up as C:\Users\ms21425\Documents\Visual Studio 2010\Projects\UsbTest2\UsbTest2\Backup\UsbTest\Form2.Designer.vb">
</Event><Event ErrorLevel="0" Project="RadioProgrammingApp" Source="UsbTest\Form2.vb" Description="File successfully backed up as C:\Users\ms21425\Documents\Visual Studio 2010\Projects\UsbTest2\UsbTest2\Backup\UsbTest\Form2.vb">
</Event><Event ErrorLevel="0" Project="RadioProgrammingApp" Source="UsbTest\Form3.Designer.vb" Description="File successfully backed up as C:\Users\ms21425\Documents\Visual Studio 2010\Projects\UsbTest2\UsbTest2\Backup\UsbTest\Form3.Designer.vb">
</Event><Event ErrorLevel="0" Project="RadioProgrammingApp" Source="UsbTest\Form3.vb" Description="File successfully backed up as C:\Users\ms21425\Documents\Visual Studio 2010\Projects\UsbTest2\UsbTest2\Backup\UsbTest\Form3.vb">
</Event><Event ErrorLevel="0" Project="RadioProgrammingApp" Source="UsbTest\My Project\AssemblyInfo.vb" Description="File successfully backed up as C:\Users\ms21425\Documents\Visual Studio 2010\Projects\UsbTest2\UsbTest2\Backup\UsbTest\My Project\AssemblyInfo.vb">
</Event><Event ErrorLevel="0" Project="RadioProgrammingApp" Source="UsbTest\My Project\Application.Designer.vb" Description="File successfully backed up as C:\Users\ms21425\Documents\Visual Studio 2010\Projects\UsbTest2\UsbTest2\Backup\UsbTest\My Project\Application.Designer.vb">
</Event><Event ErrorLevel="0" Project="RadioProgrammingApp" Source="UsbTest\My Project\Resources.Designer.vb" Description="File successfully backed up as C:\Users\ms21425\Documents\Visual Studio 2010\Projects\UsbTest2\UsbTest2\Backup\UsbTest\My Project\Resources.Designer.vb">
</Event><Event ErrorLevel="0" Project="RadioProgrammingApp" Source="UsbTest\My Project\Settings.Designer.vb" Description="File successfully backed up as C:\Users\ms21425\Documents\Visual Studio 2010\Projects\UsbTest2\UsbTest2\Backup\UsbTest\My Project\Settings.Designer.vb">
</Event><Event ErrorLevel="0" Project="RadioProgrammingApp" Source="UsbTest\app.config" Description="File successfully backed up as C:\Users\ms21425\Documents\Visual Studio 2010\Projects\UsbTest2\UsbTest2\Backup\UsbTest\app.config">
</Event><Event ErrorLevel="0" Project="RadioProgrammingApp" Source="UsbTest\My Project\app.manifest" Description="File successfully backed up as C:\Users\ms21425\Documents\Visual Studio 2010\Projects\UsbTest2\UsbTest2\Backup\UsbTest\My Project\app.manifest">
</Event><Event ErrorLevel="0" Project="RadioProgrammingApp" Source="UsbTest\My Project\Application.myapp" Description="File successfully backed up as C:\Users\ms21425\Documents\Visual Studio 2010\Projects\UsbTest2\UsbTest2\Backup\UsbTest\My Project\Application.myapp">
</Event><Event ErrorLevel="0" Project="RadioProgrammingApp" Source="UsbTest\My Project\Settings.settings" Description="File successfully backed up as C:\Users\ms21425\Documents\Visual Studio 2010\Projects\UsbTest2\UsbTest2\Backup\UsbTest\My Project\Settings.settings">
</Event><Event ErrorLevel="0" Project="RadioProgrammingApp" Source="UsbTest\UsbTest_TemporaryKey.pfx" Description="File successfully backed up as C:\Users\ms21425\Documents\Visual Studio 2010\Projects\UsbTest2\UsbTest2\Backup\UsbTest\UsbTest_TemporaryKey.pfx">
</Event><Event ErrorLevel="0" Project="RadioProgrammingApp" Source="UsbTest\tm742.ico" Description="File successfully backed up as C:\Users\ms21425\Documents\Visual Studio 2010\Projects\UsbTest2\UsbTest2\Backup\UsbTest\tm742.ico">
</Event><Event ErrorLevel="0" Project="RadioProgrammingApp" Source="UsbTest\Form1.resx" Description="File successfully backed up as C:\Users\ms21425\Documents\Visual Studio 2010\Projects\UsbTest2\UsbTest2\Backup\UsbTest\Form1.resx">
</Event><Event ErrorLevel="0" Project="RadioProgrammingApp" Source="UsbTest\Form2.resx" Description="File successfully backed up as C:\Users\ms21425\Documents\Visual Studio 2010\Projects\UsbTest2\UsbTest2\Backup\UsbTest\Form2.resx">
</Event><Event ErrorLevel="0" Project="RadioProgrammingApp" Source="UsbTest\Form3.resx" Description="File successfully backed up as C:\Users\ms21425\Documents\Visual Studio 2010\Projects\UsbTest2\UsbTest2\Backup\UsbTest\Form3.resx">
</Event><Event ErrorLevel="0" Project="RadioProgrammingApp" Source="UsbTest\My Project\Resources.resx" Description="File successfully backed up as C:\Users\ms21425\Documents\Visual Studio 2010\Projects\UsbTest2\UsbTest2\Backup\UsbTest\My Project\Resources.resx">
</Event><Event ErrorLevel="0" Project="RadioProgrammingApp" Source="UsbTest\RadioProgrammingApp.vbproj" Description="Project converted successfully">
</Event><Event ErrorLevel="3" Project="RadioProgrammingApp" Source="UsbTest\RadioProgrammingApp.vbproj" Description="Converted">
</Event><Event ErrorLevel="0" Project="" Source="UsbTest.sln" Description="Solution converted successfully">
</Event><Event ErrorLevel="3" Project="" Source="UsbTest.sln" Description="Converted">
</Event><Event ErrorLevel="0" Project="RadioProgrammingApp" Source="UsbTest\app.config" Description="File converted successfully. All &lt;supportedRuntime&gt; and &lt;requiredRuntime&gt; tags were removed to enable the project to build and run with Visual Studio 2005.">
</Event><Event ErrorLevel="3" Project="RadioProgrammingApp" Source="UsbTest\app.config" Description="Converted">
</Event></UpgradeLog>