﻿<?xml version="1.0" encoding="utf-8" standalone="no"?>
<TM742>
  <usbPort>0</usbPort>
  <eType>False</eType>
  <tsu7Installed>False</tsu7Installed>
  <wideBand>False</wideBand>
  <ARO>True</ARO>
  <timingMode>0</timingMode>
  <allowCustomOffset>False</allowCustomOffset>
  <Module1>
	  <Type>UT50</Type>
	  <StepSize>5</StepSize>
	  <Filename>NULL</Filename>
  </Module1>
  <Module2>
	  <Type>UT144e</Type>
	  <StepSize>5</StepSize>
	  <Filename>NULL</Filename>
  </Module2>
  <Module3>
	  <Type>UT440e</Type>
	  <StepSize>5</StepSize>
	  <Filename>NULL</Filename>
  </Module3>
</TM742>